Methyl,Model,X2,taum,taum_error,S2,S2_error,Sf2,Sf2_error,Ss2,Ss2_error,tauf,tauf_error,taus,taus_error
A13CB,1.0,14.152768952959278,13.504357518291314,0.1327630280269288,0.9584049752159863,0.009918422908455576,0.9584049752159863,0.009918422908455576,1.0,0.0,0.08075937638144715,0.00044147727736129546,0.0,0.0
A24CB,1.0,31.83947487435451,13.088666261083189,0.14140915338575816,0.9999999999999999,0.0005424545764264232,0.9999999999999999,0.0005424545764264232,1.0,0.0,0.047540812049246546,0.00034223590584962034,0.0,0.0
A37CB,1.0,11.472792696526586,12.920036695325745,0.15556366894906307,0.9552565177628726,0.012028935973297739,0.9552565177628726,0.012028935973297739,1.0,0.0,0.01828695572872948,0.0002537477231849437,0.0,0.0
A55CB,1.0,19.076494434542912,12.921542746011259,0.15542333726884838,0.9813817117252536,0.012121268528112726,0.9813817117252536,0.012121268528112726,1.0,0.0,0.04450845372975735,0.0003642570504706697,0.0,0.0
A63CB,3.0,56.63428279612931,12.910284451034498,0.15648986755072516,0.13033262043158675,0.009716129912847024,0.45633726051055606,0.0038010400083071036,0.3610160944218232,0.01982680018560013,0.04485808049641451,0.0004419623568089509,3.3474359177326316,0.46858380727492915
A58CB,1.0,8.521643037395704,13.000452836779667,0.14816125515804376,0.9614025835656371,0.011472216582602071,0.9614025835656371,0.011472216582602071,1.0,0.0,0.03667445157757571,0.0002967017853507154,0.0,0.0
A93CB,1.0,48.16751447546915,12.980636749998464,0.1499301432612378,0.8136410226249763,0.009551046702855993,0.8136410226249763,0.009551046702855993,1.0,0.0,0.04354384550935172,0.00013773525663784224,0.0,0.0
A109CB,1.0,29.099558909211563,13.118182443437515,0.13964619746185372,0.9703648636045726,0.010596111956019151,0.9703648636045726,0.010596111956019151,1.0,0.0,0.032959035137037324,0.00017739103528371575,0.0,0.0
A110CB,1.0,17.22736541410731,12.91352569188046,0.156178695849026,0.9999999999968787,0.0037714810739096507,0.9999999999968787,0.0037714810739096507,1.0,0.0,0.047063296126853754,0.00025306248889201603,0.0,0.0
A125CB,2.0,77.84146245295466,12.939122740384581,0.1537558818956207,0.6903784399807685,0.008791945134517993,1.0,0.0,0.6903784399807685,0.008791945134517993,0.031825323681097306,0.00041638001118797713,0.6123707162344633,0.021420268440415
A133CB,1.0,29.159097620202566,12.951018539103709,0.15265427953139293,0.9765026094204933,0.013933543417454668,0.9765026094204933,0.013933543417454668,1.0,0.0,0.08705688486643903,0.0007250323689786504,0.0,0.0
A139CB,1.0,23.030110653218888,14.8822325447551,0.3566139908008343,0.9837081109475591,0.01931289782731037,0.9837081109475591,0.01931289782731037,1.0,0.0,0.03399089455530641,0.00027840971723615114,0.0,0.0
A141CB,1.0,33.27437040911304,13.122631620664132,0.13938880232086517,0.9999999999999999,0.0012832774141798508,0.9999999999999999,0.0012832774141798508,1.0,0.0,0.105591521463098,0.0008203586264209112,0.0,0.0
I7CG2,1.0,2.725600262795176,14.22923147919919,0.22128333267048766,0.8578155823604074,0.014363060869489647,0.8578155823604074,0.014363060869489647,1.0,0.0,0.07445819362770253,0.00079319983703417,0.0,0.0
I7CD1,1.0,18.922104076174705,13.4851829260058,0.13221601374909187,0.8580863551997271,0.014256880526527066,0.8580863551997271,0.014256880526527066,1.0,0.0,0.008362140570236005,0.0008415584682365738,0.0,0.0
I25CG2,1.0,0.8769936158437204,14.908591911245807,0.36255863823418694,0.8411622716156246,0.021394385812378434,0.8411622716156246,0.021394385812378434,1.0,0.0,0.026861552249669175,0.0003869419438583205,0.0,0.0
I53CG2,1.0,7.561985909049898,12.907962857528348,0.15671442724845994,0.9153789269264418,0.01150551652252458,0.9153789269264418,0.01150551652252458,1.0,0.0,0.046043633040899624,0.000456338722564595,0.0,0.0
I53CD1,1.0,11.74864461452005,14.625857452898959,0.3007811045866932,0.7833714888137832,0.020817638890022618,0.7833714888137832,0.020817638890022618,1.0,0.0,0.01254588044159151,0.0008964508547627754,0.0,0.0
I66CG2,2.0,116.04488060734595,13.75551143030223,0.1506885709804758,0.7544793222163143,0.009010512111503274,1.0,0.0,0.7544793222163143,0.009010512111503274,0.016772535334801816,0.0006786693980345168,0.5218145819668218,0.04895351029790764
I66CD1,1.0,21.782499995096735,13.640111882039308,0.14013579545568194,0.31326249545563456,0.004090331862110691,0.31326249545563456,0.004090331862110691,1.0,0.0,0.023766358940917352,0.0005313817030133105,0.0,0.0
I78CG2,1.0,6.960643911951216,14.052516646229247,0.1907470985159756,0.8837110661700623,0.012912898998838799,0.8837110661700623,0.012912898998838799,1.0,0.0,0.07203762657684794,0.0008446044797693341,0.0,0.0
I78CD1,1.0,19.73252047524499,12.923048644760645,0.1552826896722689,0.7058377363417522,0.013330243508586975,0.7058377363417522,0.013330243508586975,1.0,0.0,0.01476545864120298,0.000875830402456814,0.0,0.0
I82CD1,1.0,3.084220383362151,13.331897793400158,0.13168657991163077,0.7217015427459259,0.011428599444590274,0.7217015427459259,0.011428599444590274,1.0,0.0,0.012721265291258594,0.0008440992530096735,0.0,0.0
I116CG2,2.0,40.27483789096819,12.915772144872019,0.15596497303392273,0.6832225419029933,0.009430865342896687,1.0,0.0,0.6832225419029933,0.009430865342896687,0.02813445812245521,0.000565001745268037,0.7274753567067637,0.05693004515922066
I116CD1,1.0,17.192469373605437,12.908096053816612,0.15670152141206625,0.34179021936406134,0.005581221861756872,0.34179021936406134,0.005581221861756872,1.0,0.0,0.027729644096979495,0.00049070272210432,0.0,0.0
L2CD1,3.0,38.58389001371393,14.356130696098404,0.24548377759300166,0.17805039625708707,0.0058268729122094975,0.41818884822707497,0.02941300807634458,0.42196018326032503,0.022730560160538798,0.04488121900981944,0.0015427030709143697,1.5019006810456985,0.2929170547445891
L2CD2,2.0,109.44344039286926,12.962464719124704,0.15160049050262916,0.22158690659626945,0.003100577569303729,1.0,0.0,0.22158690659626945,0.003100577569303729,0.01781702879324225,0.0006018022772140164,0.47918364462161045,0.010572354477365084
L14CD1,1.0,20.058164070640288,13.090183252879614,0.14131443814809794,0.4956206403409301,0.005897019820192432,0.4956206403409301,0.005897019820192432,1.0,0.0,0.03543335801753498,0.00020365832290441356,0.0,0.0
L49CD1,2.0,66.28621587139624,14.093042708973252,0.19745418007646495,0.5718935854802754,0.009149808293290068,1.0,0.0,0.5718935854802754,0.009149808293290068,0.04380675103677037,0.0005798989058386149,0.9686681567356495,0.0652774142439822
L56CD1,1.0,5.596426172483421,14.420198846091429,0.25818579017599735,0.8371778806502655,0.015265598184949965,0.8371778806502655,0.015265598184949965,1.0,0.0,0.07896826060786963,0.0006318886652178176,0.0,0.0
L56CD2,1.0,9.268368163526107,14.135804242424015,0.20460259837124065,0.819766953005254,0.012950844118498525,0.819766953005254,0.012950844118498525,1.0,0.0,0.03817800785391281,0.00048005621058776866,0.0,0.0
L59CD1,2.0,6.2571081652843,12.961152943262842,0.15171945797729108,0.6964427300502815,0.008830373288214345,1.0,0.0,0.6964427300502815,0.008830373288214345,0.05113648373608767,0.0007354353460633723,0.6527814914160937,0.05495547116744489
L59CD2,2.0,3.532631134891546,14.341222402008324,0.24258157584098505,0.6202405172147589,0.01141592651851335,1.0,0.0,0.6202405172147589,0.01141592651851335,0.027722970894510902,0.0007787409046268333,0.5585123788444123,0.037560655678555696
L67CD1,2.0,17.35331635620788,13.250663517642272,0.13395250325072877,0.6001694684797055,0.007355447100124102,1.0,0.0,0.6001694684797055,0.007355447100124102,0.030190114613630456,0.0011525220119488983,0.5922932346326155,0.06481872593071514
L67CD2,2.0,161.8728468096966,13.77005274106861,0.15220988557597953,0.5371361025625301,0.006529265170838204,1.0,0.0,0.5371361025625301,0.006529265170838204,0.01356754436076432,0.0010106660043946462,0.30575139600986373,0.02467832207738633
L107CD2,1.0,10.917171560329296,13.245467055251424,0.13412430895437297,0.7520940527809793,0.008546332575096285,0.7520940527809793,0.008546332575096285,1.0,0.0,0.046950042685185774,0.00039692931464828585,0.0,0.0
L107CD1,1.0,23.926182911303975,14.383554378584472,0.25089033210704464,0.7315859829960866,0.013313630246578716,0.7315859829960866,0.013313630246578716,1.0,0.0,0.04768797742612164,0.0003667875864808783,0.0,0.0
L111CD1,2.0,109.32731414701179,13.991321792283689,0.18113189884135847,0.5270198221102894,0.00759923964785042,1.0,0.0,0.5270198221102894,0.00759923964785042,0.034851188569888406,0.000634693750149194,0.7440565304800921,0.039178955706392224
L111CD2,2.0,42.56294022674704,13.992474931741903,0.18131272192287443,0.44944097661825827,0.006831251345098998,1.0,0.0,0.44944097661825827,0.006831251345098998,0.031226390515959178,0.000688412431750169,0.7513806826085702,0.03181272490910783
L146CD1,2.0,21.177357114848274,13.32618664718183,0.1317868505277384,0.7998515516655844,0.009414831448993697,1.0,0.0,0.7998515516655844,0.009414831448993697,0.07378619443749715,0.0008236076734550736,0.8089993278196412,0.11487691045107741
M1CE,1.0,66.96240500151411,12.950137784268868,0.1527369685185861,0.17679744866769828,0.0021312545354013994,0.17679744866769828,0.0021312545354013994,1.0,0.0,0.0073774106156751455,4.33582464675328e-05,0.0,0.0
M47CE,1.0,922.0289936478878,13.167838902672106,0.1369764027703248,0.9999999999999999,1.1102230246251566e-17,0.9999999999999999,1.1102230246251566e-17,1.0,0.0,0.0024143377926187427,0.00021897381122993413,0.0,0.0
M50CE,3.0,69.43729335159463,14.794448631743212,0.33719399952843127,0.5207817004339432,0.02206534335742577,0.707004273444036,0.006884439833215209,0.7216520632783802,0.018005281370213636,0.008573249615188523,0.0003604152534190605,2.9870541064415446,0.46379408657960397
M142CE,2.0,948.9198988856908,12.90670558592214,0.1568338198030636,0.040163951617832386,0.0006109941873291201,1.0,0.0,0.040163951617832386,0.0006109941873291201,8.274070458897439e-16,2.2661400214500407e-14,0.10014084616378431,0.0006005812654008621
T40CG2,2.0,9.567459989604531,13.98014117401756,0.17940065995779422,0.4644870226534122,0.009224777907461125,1.0,0.0,0.4644870226534122,0.009224777907461125,0.04319918228040791,0.0011161450817910308,1.008627263247544,0.08419557176540261
T149CG2,2.0,73.6548974171057,12.955093953406532,0.15227413792832628,0.5181685262443424,0.008322238342375193,1.0,0.0,0.5181685262443424,0.008322238342375193,0.027037479672132873,0.001597641921995278,0.7040927627581457,0.06890480285742409
V54CG2,1.0,22.757161914416038,14.685849484080176,0.31364963784136646,0.7946456437640191,0.017149268148863847,0.7946456437640191,0.017149268148863847,1.0,0.0,0.02165839149226544,0.00040185983091602274,0.0,0.0
V54CG1,1.0,14.618623051864851,13.736081966253797,0.14877042728298148,0.8454706217944596,0.010016899508465748,0.8454706217944596,0.010016899508465748,1.0,0.0,0.05527314964126854,0.00035722899823598185,0.0,0.0
V74CG2,1.0,15.605720576096958,12.928612334292017,0.15474663438587383,0.9342969865508853,0.012752531951190086,0.9342969865508853,0.012752531951190086,1.0,0.0,0.02789621951066892,0.00043932899908144177,0.0,0.0
V74CG1,1.0,14.878132200753317,13.779762938859486,0.15326834092320862,0.9496213541698644,0.011504421061453548,0.9496213541698644,0.011504421061453548,1.0,0.0,0.053150238002405335,0.0005302830283465954,0.0,0.0
V98CG2,2.0,22.750294712701667,14.270866988579167,0.22905447544012042,0.6026731809586737,0.010636622496365072,1.0,0.0,0.6026731809586737,0.010636622496365072,0.029995731710007387,0.0008977470237129995,0.8073699816701798,0.08304344757860922
V98CG1,2.0,12.792532268203555,12.95565318480705,0.15222241516147333,0.722514977723805,0.016045604645705994,1.0,0.0,0.722514977723805,0.016045604645705994,0.057912597928725364,0.0008407719618129971,1.139044137490191,0.6020094313244533
V101CG1,1.0,11.979671989801737,13.343430581508809,0.13152819341612815,0.8015557983113316,0.008470170636620741,0.8015557983113316,0.008470170636620741,1.0,0.0,0.041250194072927876,0.00026877970973938133,0.0,0.0
V121CG2,2.0,192.60386465605146,13.057737967695646,0.1435334630537155,0.4767258312299495,0.006111551041543949,1.0,0.0,0.4767258312299495,0.006111551041543949,0.018276428900037403,0.00029679957723070154,0.9526409788958988,0.03396363923478642
V153CG1,3.0,15.729576466818184,13.105693234903313,0.14037750824682876,0.04061650834991032,0.004449753416172615,0.5727107298766507,0.025955737626345437,0.2015353774152576,0.0065731205556221394,0.04293705892026875,0.0014409954151898283,1.4576804751178898,0.1533649373101099
V153CG2,3.0,83.27323049202545,12.956690040171114,0.15212679999368128,0.036779467022198926,0.006941021390661671,0.49484687300987434,0.011258548666669935,0.1917797356922752,0.011942550868208807,0.03750269156935182,0.0010662204804653414,2.207359013667831,0.251298869627822
V155CG1,3.0,15.813546658975664,13.048913662522011,0.14417143857878012,0.00973816744402525,0.0016701404931176152,0.2506066733614531,0.014519443842032864,0.09868215362478289,0.005569680121286806,0.03815202190738137,0.0007863039707082372,1.496721609182781,0.13765829322189757
V155CG2,3.0,38.67466149073785,13.596153396538279,0.13715546446560023,0.005741770486931828,0.0011788329279949967,0.24991181347426628,0.020568300189930232,0.07577447120852661,0.00487673953163182,0.02920211348274372,0.0009405599119085592,1.2399511202847529,0.1318999316651511
